{
  "eye": {
    "orientation": [
      -0.3022249639034271,
      0.027335353195667267,
      -0.07588167488574982,
      0.9498183131217957
    ],
    "magnitude": 0.5773502588272095,
    "position": [
      21.43263816833496,
      116.88977813720703,
      160.8638916015625
    ]
  },
  "paths": [],
  "ortho": false,
  "radius": 100,
  "visualHints": 3
}